[{
        "name": "Wing",
        "email": "tellus.eu.augue@arcu.com",
        "regDate": "2016-01-09T14:48:34-08:00",
        "designation": "Software engineer",
        "experience": 5
    },
    {
        "name": "Whitney",
        "email": "sed.dictum@Donec.org",
        "regDate": "2017-01-23T20:09:52-08:00",
        "designation": "BI",
        "experience": 15
    },
    {
        "name": "Oliver",
        "email": "mauris@Craslorem.ca",
        "regDate": "2015-11-19T19:11:33-08:00",
        "designation": "TL",
        "experience": 8
    },
    {
        "name": "Vladimir",
        "email": "mi.Aliquam@Phasellus.net",
        "regDate": "2015-11-02T07:59:34-08:00",
        "designation": "Software engineer",
        "experience": 3
    },
    {
        "name": "Maggy",
        "email": "ligula@acorciUt.edu",
        "regDate": "2017-02-25T15:42:17-08:00",
        "designation": "Software engineer",
        "experience": 5
    },
    {
        "name": "Unity",
        "email": "Nunc.commodo@justo.org",
        "regDate": "2016-03-07T03:47:55-08:00",
        "designation": "Software engineer",
        "experience": 4
    },
    {
        "name": "Jolie",
        "email": "facilisis@uterat.net",
        "regDate": "2016-04-30T20:48:31-07:00",
        "designation": "TL",
        "experience": 10
    },
    {
        "name": "Malik",
        "email": "Nam@enimEtiam.org",
        "regDate": "2016-09-20T18:06:55-07:00",
        "designation": "Software enginer",
        "experience": 1
    },
    {
        "name": "Claire",
        "email": "sapien@Nullamlobortis.ca",
        "regDate": "2016-12-29T09:49:13-08:00",
        "designation": "Software engineer",
        "experience": 3
    },
    {
        "name": "Hilel",
        "email": "tempor@purusmaurisa.edu",
        "regDate": "2016-07-09T12:03:31-07:00",
        "designation": "Software engineer",
        "experience": 1
    },
    {
        "name": "Alea",
        "email": "vulputate@orciUt.ca",
        "regDate": "2015-03-21T02:28:40-07:00",
        "designation": "Software engineer",
        "experience": 2
    },
    {
        "name": "Nash",
        "email": "Nunc.ullamcorper.velit@egetmetuseu.edu",
        "regDate": "2016-10-21T10:38:41-07:00",
        "designation": "Software engineer",
        "experience": 4
    },
    {
        "name": "Brennan",
        "email": "Vestibulum@Sedpharetra.org",
        "regDate": "2016-06-06T22:37:33-07:00",
        "designation": "Software engineer",
        "experience": 3
    },
    {
        "name": "Diana",
        "email": "Cras.vulputate@erosturpisnon.edu",
        "regDate": "2016-09-07T18:40:26-07:00",
        "designation": "Software enginer",
        "experience": 1
    },
    {
        "name": "Farrah",
        "email": "dignissim.tempor.arcu@gravidamaurisut.edu",
        "regDate": "2016-11-30T23:52:41-08:00",
        "designation": "Software enginer",
        "experience": 2
    },
    {
        "name": "August",
        "email": "tincidunt.Donec@dictumeleifendnunc.org",
        "regDate": "2016-11-21T05:57:31-08:00",
        "designation": "Software enginer",
        "experience": 3
    },
    {
        "name": "Reese",
        "email": "et.magnis.dis@montesnasceturridiculus.net",
        "regDate": "2015-07-01T14:09:53-07:00",
        "designation": "Software enginer",
        "experience": 3
    }
]